[{"model": "AthenticationApplication.user", "fields": {"password": "pbkdf2_sha256$870000$WmoOEJWMlak7jzvtVETBuk$9KZGjGKtfwzP3bkVhVpRrjK3cDkSM4niV94YQZ+3S/M=", "last_login": "2025-12-20T11:10:04.586Z", "username": "admin", "first_name": "", "last_name": "", "profile": "", "nationality_id": null, "phone_number": null, "date_of_birth": null, "email": "", "is_active": true, "is_staff": true, "is_superuser": true, "date_joined": "2025-12-10T11:17:50.685Z", "update": "2025-12-10T11:17:51.448Z", "groups": [], "user_permissions": []}}, {"model": "AthenticationApplication.user", "fields": {"password": "pbkdf2_sha256$1000000$rhrUDOWr6qsYug7eTKUrbb$Rng+jBt7VmWJZJpkwZzCHDPMMiPSDFjIv5hvrvzPkdo=", "last_login": null, "username": "yazdan", "first_name": "یزدان", "last_name": "جعفری", "profile": "profile_image/Yazdan.png", "nationality_id": "0025546181", "phone_number": "09009896130", "date_of_birth": "1382-09-04", "email": "yazdan10jr1@gmail.com", "is_active": true, "is_staff": true, "is_superuser": true, "date_joined": "2025-12-10T11:22:11.855Z", "update": "2025-12-10T11:23:06.387Z", "groups": [], "user_permissions": []}}, {"model": "MainApplication.city", "pk": 1, "fields": {"name": "تهران", "population": 16000000, "city_type": "شهر \\ استان", "is_capital": true}}, {"model": "MainApplication.city", "pk": 2, "fields": {"name": "آذربایجان شرقی", "population": 4000000, "city_type": "شهر \\ استان", "is_capital": false}}, {"model": "MainApplication.city", "pk": 3, "fields": {"name": "آذربایجان غربی", "population": 3000000, "city_type": "شهر \\ استان", "is_capital": false}}, {"model": "MainApplication.city", "pk": 4, "fields": {"name": "اردبیل", "population": 1500000, "city_type": "شهر \\ استان", "is_capital": false}}, {"model": "MainApplication.city", "pk": 5, "fields": {"name": "اصفهان", "population": 5000000, "city_type": "شهر \\ استان", "is_capital": false}}, {"model": "MainApplication.city", "pk": 6, "fields": {"name": "البرز", "population": 2700000, "city_type": "شهر \\ استان", "is_capital": false}}, {"model": "MainApplication.city", "pk": 7, "fields": {"name": "ایلام", "population": 600000, "city_type": "شهر \\ استان", "is_capital": false}}, {"model": "MainApplication.city", "pk": 8, "fields": {"name": "بوشهر", "population": 1200000, "city_type": "شهر \\ استان", "is_capital": false}}, {"model": "MainApplication.city", "pk": 9, "fields": {"name": "چهارمحال بختیاری", "population": 1000000, "city_type": "شهر \\ استان", "is_capital": false}}, {"model": "MainApplication.city", "pk": 10, "fields": {"name": "خراسان جنوبی", "population": 800000, "city_type": "شهر \\ استان", "is_capital": false}}, {"model": "MainApplication.city", "pk": 11, "fields": {"name": "خراسان رضوی", "population": 6000000, "city_type": "شهر \\ استان", "is_capital": false}}, {"model": "MainApplication.city", "pk": 12, "fields": {"name": "خراسان شمالی", "population": 1000000, "city_type": "شهر \\ استان", "is_capital": false}}, {"model": "MainApplication.city", "pk": 13, "fields": {"name": "خوزستان", "population": 4700000, "city_type": "شهر \\ استان", "is_capital": false}}, {"model": "MainApplication.city", "pk": 14, "fields": {"name": "زنجان", "population": 1000000, "city_type": "شهر \\ استان", "is_capital": false}}, {"model": "MainApplication.city", "pk": 15, "fields": {"name": "سمنان", "population": 700000, "city_type": "شهر \\ استان", "is_capital": false}}, {"model": "MainApplication.city", "pk": 16, "fields": {"name": "سیستان و بلوچستان", "population": 2700000, "city_type": "شهر \\ استان", "is_capital": false}}, {"model": "MainApplication.city", "pk": 17, "fields": {"name": "فارس", "population": 4900000, "city_type": "شهر \\ استان", "is_capital": false}}, {"model": "MainApplication.city", "pk": 18, "fields": {"name": "قزوین", "population": 1100000, "city_type": "شهر \\ استان", "is_capital": false}}, {"model": "MainApplication.city", "pk": 19, "fields": {"name": "قم", "population": 1200000, "city_type": "شهر \\ استان", "is_capital": false}}, {"model": "MainApplication.city", "pk": 20, "fields": {"name": "کردستان", "population": 1400000, "city_type": "شهر \\ استان", "is_capital": false}}, {"model": "MainApplication.city", "pk": 21, "fields": {"name": "کرمان", "population": 3200000, "city_type": "شهر \\ استان", "is_capital": false}}, {"model": "MainApplication.city", "pk": 22, "fields": {"name": "کرمانشاه", "population": 2000000, "city_type": "شهر \\ استان", "is_capital": false}}, {"model": "MainApplication.city", "pk": 23, "fields": {"name": "کهگیلویه و بویر احمد", "population": 700000, "city_type": "شهر \\ استان", "is_capital": false}}, {"model": "MainApplication.city", "pk": 24, "fields": {"name": "گلستان", "population": 1900000, "city_type": "شهر \\ استان", "is_capital": false}}, {"model": "MainApplication.city", "pk": 25, "fields": {"name": "گیلان", "population": 2500000, "city_type": "شهر \\ استان", "is_capital": false}}, {"model": "MainApplication.city", "pk": 26, "fields": {"name": "لرستان", "population": 1700000, "city_type": "شهر \\ استان", "is_capital": false}}, {"model": "MainApplication.city", "pk": 27, "fields": {"name": "مازندران", "population": 3300000, "city_type": "شهر \\ استان", "is_capital": false}}, {"model": "MainApplication.city", "pk": 28, "fields": {"name": "مرکزی", "population": 1300000, "city_type": "شهر \\ استان", "is_capital": false}}, {"model": "MainApplication.city", "pk": 29, "fields": {"name": "هرمزگان", "population": 1600000, "city_type": "شهر \\ استان", "is_capital": false}}, {"model": "MainApplication.city", "pk": 30, "fields": {"name": "همدان", "population": 1700000, "city_type": "شهر \\ استان", "is_capital": false}}, {"model": "MainApplication.city", "pk": 31, "fields": {"name": "یزد", "population": 1100000, "city_type": "شهر \\ استان", "is_capital": false}}, {"model": "MainApplication.city", "pk": 32, "fields": {"name": "ابو موسی", "population": 20000, "city_type": "جزیره", "is_capital": false}}, {"model": "MainApplication.city", "pk": 33, "fields": {"name": "قشم", "population": 130000, "city_type": "جزیره", "is_capital": false}}, {"model": "MainApplication.city", "pk": 34, "fields": {"name": "فرور بزرگ", "population": 1000, "city_type": "جزیره", "is_capital": false}}, {"model": "MainApplication.city", "pk": 35, "fields": {"name": "فرور کوچک", "population": 800, "city_type": "جزیره", "is_capital": false}}, {"model": "MainApplication.city", "pk": 36, "fields": {"name": "هندروابی", "population": 500, "city_type": "جزیره", "is_capital": false}}, {"model": "MainApplication.city", "pk": 37, "fields": {"name": "هنگام", "population": 1500, "city_type": "جزیره", "is_capital": false}}, {"model": "MainApplication.city", "pk": 38, "fields": {"name": "هرمز", "population": 1000, "city_type": "جزیره", "is_capital": false}}, {"model": "MainApplication.city", "pk": 39, "fields": {"name": "خارک", "population": 10000, "city_type": "جزیره", "is_capital": false}}, {"model": "MainApplication.city", "pk": 40, "fields": {"name": "کیش", "population": 50000, "city_type": "جزیره", "is_capital": false}}, {"model": "MainApplication.city", "pk": 41, "fields": {"name": "لارک", "population": 3000, "city_type": "جزیره", "is_capital": false}}, {"model": "MainApplication.city", "pk": 42, "fields": {"name": "لاوان", "population": 2000, "city_type": "جزیره", "is_capital": false}}, {"model": "MainApplication.city", "pk": 43, "fields": {"name": "سیری", "population": 1500, "city_type": "جزیره", "is_capital": false}}, {"model": "MainApplication.city", "pk": 44, "fields": {"name": "تنب بزرگ", "population": 1000, "city_type": "جزیره", "is_capital": false}}, {"model": "MainApplication.city", "pk": 45, "fields": {"name": "تنب کوچک", "population": 800, "city_type": "جزیره", "is_capital": false}}, {"model": "MainApplication.fieldtype", "pk": 1, "fields": {"name": "پاکیزگی هوا"}}, {"model": "MainApplication.fieldtype", "pk": 2, "fields": {"name": "میزان شادی عمومی"}}, {"model": "MainApplication.fieldtype", "pk": 3, "fields": {"name": "میزان ترافیک"}}, {"model": "MainApplication.cityfieldscore", "pk": 1, "fields": {"city": 1, "field": 1, "score": 10}}, {"model": "MainApplication.cityfieldscore", "pk": 2, "fields": {"city": 1, "field": 2, "score": 7}}, {"model": "MainApplication.cityfieldscore", "pk": 3, "fields": {"city": 11, "field": 1, "score": 100}}, {"model": "MainApplication.cityfieldscore", "pk": 4, "fields": {"city": 4, "field": 1, "score": 79}}, {"model": "MainApplication.cityfieldscore", "pk": 5, "fields": {"city": 28, "field": 2, "score": 60}}, {"model": "MainApplication.cityfieldscore", "pk": 6, "fields": {"city": 45, "field": 1, "score": 90}}, {"model": "MainApplication.cityfieldscore", "pk": 7, "fields": {"city": 44, "field": 1, "score": 90}}, {"model": "MainApplication.cityfieldscore", "pk": 8, "fields": {"city": 43, "field": 1, "score": 90}}, {"model": "MainApplication.cityfieldscore", "pk": 9, "fields": {"city": 42, "field": 1, "score": 98}}, {"model": "MainApplication.cityfieldscore", "pk": 10, "fields": {"city": 41, "field": 2, "score": 86}}, {"model": "MainApplication.cityfieldscore", "pk": 11, "fields": {"city": 40, "field": 2, "score": 99}}, {"model": "MainApplication.cityfieldscore", "pk": 12, "fields": {"city": 39, "field": 1, "score": 88}}, {"model": "MainApplication.cityfieldscore", "pk": 13, "fields": {"city": 38, "field": 2, "score": 99}}, {"model": "MainApplication.cityfieldscore", "pk": 14, "fields": {"city": 37, "field": 1, "score": 99}}, {"model": "MainApplication.cityfieldscore", "pk": 15, "fields": {"city": 36, "field": 1, "score": 90}}, {"model": "MainApplication.cityfieldscore", "pk": 16, "fields": {"city": 35, "field": 1, "score": 90}}, {"model": "MainApplication.cityfieldscore", "pk": 17, "fields": {"city": 34, "field": 1, "score": 90}}, {"model": "MainApplication.cityfieldscore", "pk": 18, "fields": {"city": 33, "field": 1, "score": 78}}, {"model": "MainApplication.cityfieldscore", "pk": 19, "fields": {"city": 32, "field": 1, "score": 99}}, {"model": "MainApplication.cityfieldscore", "pk": 20, "fields": {"city": 31, "field": 1, "score": 90}}, {"model": "MainApplication.cityfieldscore", "pk": 21, "fields": {"city": 30, "field": 1, "score": 80}}, {"model": "MainApplication.cityfieldscore", "pk": 22, "fields": {"city": 29, "field": 1, "score": 70}}, {"model": "MainApplication.cityfieldscore", "pk": 23, "fields": {"city": 27, "field": 1, "score": 60}}, {"model": "MainApplication.cityfieldscore", "pk": 24, "fields": {"city": 26, "field": 2, "score": 50}}, {"model": "MainApplication.cityfieldscore", "pk": 25, "fields": {"city": 25, "field": 2, "score": 40}}, {"model": "MainApplication.cityfieldscore", "pk": 26, "fields": {"city": 24, "field": 2, "score": 30}}, {"model": "MainApplication.cityfieldscore", "pk": 27, "fields": {"city": 23, "field": 2, "score": 30}}, {"model": "MainApplication.cityfieldscore", "pk": 28, "fields": {"city": 22, "field": 2, "score": 20}}, {"model": "MainApplication.cityfieldscore", "pk": 29, "fields": {"city": 21, "field": 2, "score": 88}}, {"model": "MainApplication.cityfieldscore", "pk": 30, "fields": {"city": 20, "field": 2, "score": 55}}, {"model": "MainApplication.cityfieldscore", "pk": 31, "fields": {"city": 19, "field": 2, "score": 1}}, {"model": "MainApplication.cityfieldscore", "pk": 32, "fields": {"city": 18, "field": 2, "score": 100}}, {"model": "MainApplication.cityfieldscore", "pk": 33, "fields": {"city": 17, "field": 1, "score": 90}}, {"model": "MainApplication.cityfieldscore", "pk": 34, "fields": {"city": 16, "field": 1, "score": 90}}, {"model": "MainApplication.cityfieldscore", "pk": 35, "fields": {"city": 15, "field": 1, "score": 90}}, {"model": "MainApplication.cityfieldscore", "pk": 36, "fields": {"city": 14, "field": 1, "score": 85}}, {"model": "MainApplication.cityfieldscore", "pk": 37, "fields": {"city": 13, "field": 2, "score": 90}}, {"model": "MainApplication.cityfieldscore", "pk": 38, "fields": {"city": 12, "field": 1, "score": 76}}, {"model": "MainApplication.cityfieldscore", "pk": 39, "fields": {"city": 10, "field": 1, "score": 63}}, {"model": "MainApplication.cityfieldscore", "pk": 40, "fields": {"city": 9, "field": 2, "score": 40}}, {"model": "MainApplication.cityfieldscore", "pk": 41, "fields": {"city": 8, "field": 1, "score": 35}}, {"model": "MainApplication.cityfieldscore", "pk": 42, "fields": {"city": 7, "field": 1, "score": 88}}, {"model": "MainApplication.cityfieldscore", "pk": 43, "fields": {"city": 6, "field": 1, "score": 14}}, {"model": "MainApplication.cityfieldscore", "pk": 44, "fields": {"city": 5, "field": 1, "score": 48}}, {"model": "MainApplication.cityfieldscore", "pk": 45, "fields": {"city": 3, "field": 1, "score": 97}}, {"model": "MainApplication.cityfieldscore", "pk": 46, "fields": {"city": 2, "field": 1, "score": 55}}, {"model": "MainApplication.cityfieldscore", "pk": 47, "fields": {"city": 1, "field": 3, "score": 8}}]